,motif0,motif1,motif2,motif3,motif4,motif5,motif6,motif7,motif8,hla,Tcell_response,ba_rank
121,8,0,11,14,11,9,0,14,8,0,0,0.6866
11,4,15,17,5,19,16,17,0,8,0,0,0.3225
396,8,0,4,3,9,5,7,12,17,9,0,1.0212
334,15,10,15,7,11,16,4,12,17,9,0,0.0761
620,7,1,3,3,11,15,9,12,19,6,0,0.4743
507,0,17,5,15,19,17,19,15,17,9,1,0.1909
402,10,9,1,0,3,11,12,3,17,9,0,0.3199
216,9,9,12,0,1,19,13,6,4,22,0,0.1627
750,19,10,0,3,9,4,12,4,7,12,0,1.4858
639,9,15,4,4,16,17,10,0,19,6,0,0.1684
276,1,9,4,0,8,9,7,0,7,9,0,0.2422
577,15,9,7,16,0,11,3,13,4,3,0,0.3783
181,3,9,18,1,14,13,12,12,19,10,0,1.0581
595,4,16,15,2,17,17,14,13,19,6,0,0.1169
289,7,9,9,2,3,9,8,12,0,9,0,0.2212
204,15,19,15,13,0,13,0,9,9,22,0,0.238
91,12,9,11,5,18,10,19,18,8,0,0,2.2703
247,9,9,6,10,1,13,12,2,9,9,0,2.2612
651,19,15,15,0,9,2,9,1,19,6,0,0.0085
196,8,19,2,17,18,15,9,5,7,22,0,0.3677
12,5,0,4,0,8,8,9,5,8,0,0,0.3917
381,14,10,4,15,16,12,12,15,9,9,0,0.293
57,0,13,8,0,16,15,9,19,14,0,0,1.4605
232,5,17,7,11,0,3,4,10,9,9,0,1.9838
617,3,16,3,15,3,0,3,2,19,6,0,0.0785
765,7,6,19,16,0,13,7,7,9,18,0,0.0803
385,17,9,18,0,4,1,17,5,9,9,0,0.4927
762,19,16,0,13,7,7,9,0,9,4,0,0.8142
657,4,16,11,4,18,5,9,9,7,6,0,0.2866
470,19,9,17,2,15,17,0,8,10,9,0,0.1785
123,8,10,16,17,17,7,9,13,8,0,0,0.1816
669,3,12,0,5,9,14,13,3,17,2,0,0.7438
437,0,9,17,5,0,7,15,15,7,9,0,0.5371
274,0,9,10,5,12,13,19,1,17,9,0,0.0762
206,16,18,11,3,17,4,3,4,7,22,0,0.1972
174,14,5,9,11,15,11,9,0,19,10,0,1.6437
228,4,7,9,3,7,7,11,0,9,9,0,0.0701
742,9,5,19,3,6,18,0,9,19,12,0,1.103
15,9,9,16,18,13,13,9,3,8,0,0,0.8757
130,14,17,14,2,4,7,13,10,8,0,0,0.2473
53,15,16,19,15,13,8,15,0,8,0,0,0.0538
176,17,0,7,1,1,16,9,6,19,10,0,0.1042
13,5,15,16,9,9,0,15,4,8,0,0,0.0754
409,1,9,9,10,9,9,7,12,9,9,0,1.3923
538,14,16,5,8,15,8,19,16,4,20,0,0.0677
426,16,10,2,2,2,11,9,3,9,9,0,0.9389
283,4,9,9,19,11,9,5,9,17,9,0,0.0312
46,8,17,0,17,0,16,9,0,8,0,0,0.05
583,16,13,8,11,9,8,3,9,4,3,0,0.8607
203,14,19,17,0,7,1,1,16,9,22,0,0.0915
771,15,15,8,8,17,10,14,16,8,5,0,0.0309
230,5,7,7,9,2,17,12,3,7,9,0,1.4753
749,19,9,7,5,17,7,5,11,15,12,0,2.6782
523,7,16,9,10,10,11,12,9,7,20,0,0.4838
753,19,17,8,9,0,11,9,12,19,12,0,0.1705
642,9,17,17,9,0,12,9,9,19,6,0,0.4744
39,0,13,9,8,11,9,19,9,8,0,0,0.153
55,0,0,5,4,17,16,3,7,8,0,0,0.7962
365,19,9,17,9,4,4,19,9,9,9,0,0.8955
449,6,9,10,2,5,2,9,5,9,9,0,0.1015
436,0,9,9,10,1,9,9,12,9,9,0,0.3775
553,4,15,15,14,15,9,9,2,4,3,0,1.2875
471,0,13,4,8,5,0,18,7,9,9,0,0.66
340,4,10,15,16,14,4,9,9,17,9,0,0.0366
43,5,17,5,12,5,14,7,15,8,0,0,0.2983
293,8,9,10,2,5,16,15,13,17,9,0,0.0186
115,19,17,17,8,13,15,13,9,8,0,0,0.8757
700,15,12,10,16,17,8,3,3,4,2,0,0.1806
644,15,7,15,15,3,13,16,4,19,6,0,0.3447
600,9,17,0,0,3,12,19,9,19,6,0,0.1619
443,4,9,13,8,19,16,17,8,9,9,0,0.0947
105,15,16,8,3,15,12,0,8,8,0,0,0.4726
619,6,15,2,17,4,0,9,15,16,6,0,0.4564
451,9,9,5,2,12,5,18,14,17,9,0,0.2968
439,1,10,13,0,11,15,6,19,0,9,0,1.686
114,19,16,17,16,13,9,14,12,8,0,0,0.2469
415,7,9,10,3,6,15,6,8,9,9,0,0.0183
280,4,9,0,16,9,5,17,12,17,9,0,0.0134
631,4,5,19,3,6,18,0,9,19,6,0,0.501
468,15,16,0,4,2,4,9,0,17,9,0,1.5369
129,14,16,10,10,4,4,0,3,6,0,0,0.382
157,4,12,9,6,3,0,2,12,14,10,0,1.9871
431,7,9,9,10,16,17,16,15,7,9,0,0.4641
649,18,0,2,18,5,6,14,16,19,6,0,0.093
341,5,9,10,4,10,10,7,12,9,9,0,0.1611
221,16,13,0,8,18,18,3,9,9,22,0,0.9331
54,17,17,11,15,18,4,18,15,14,0,0,0.3147
69,5,9,16,3,2,0,0,19,8,0,0,1.6128
587,18,10,11,7,9,1,0,18,4,3,0,1.7396
240,8,13,13,4,7,11,13,0,17,9,0,2.5619
112,17,15,15,15,7,19,9,6,8,0,0,0.0341
479,9,10,0,15,7,15,15,4,9,9,0,0.0638
469,18,9,7,2,10,8,15,9,17,9,0,0.2131
140,9,9,9,2,7,17,0,12,8,0,1,0.2675
699,15,12,8,7,12,15,5,0,19,2,0,0.5922
155,4,0,7,15,9,16,1,5,19,10,0,0.0095
559,9,3,7,7,11,0,9,12,4,3,0,1.4583
335,17,9,9,18,3,7,4,4,9,9,0,0.0341
539,14,16,11,7,4,13,7,13,9,20,0,0.058
721,15,19,1,3,12,15,15,19,14,17,0,0.0972
729,3,16,12,15,12,16,12,15,19,12,0,0.0194
363,19,9,9,2,4,16,4,17,1,9,0,0.5879
103,15,15,7,19,9,6,8,12,14,0,0,1.1203
654,19,17,2,17,16,19,11,4,7,6,0,0.3432
701,15,12,17,9,16,4,0,5,17,2,0,0.3946
368,4,9,3,3,10,0,16,19,9,9,0,0.0397
134,15,15,15,7,19,15,7,17,8,0,0,0.0599
223,0,9,11,9,13,2,4,19,10,9,0,0.9975
376,8,9,10,11,13,0,7,1,7,9,0,0.213
685,11,12,4,3,9,15,4,15,9,2,0,0.3889
120,7,16,15,15,0,3,9,9,8,0,0,0.1016
31,16,0,19,5,9,12,2,16,8,0,0,0.6265
575,15,7,9,4,9,7,7,15,19,3,0,2.4743
768,13,7,8,9,6,9,15,12,8,5,0,0.1735
488,17,10,8,4,8,11,12,9,17,9,0,4.9646
418,9,9,9,15,0,14,4,19,0,9,0,0.2072
570,14,3,15,15,1,5,16,5,19,3,0,3.1741
66,3,15,19,9,8,3,4,12,8,0,0,0.3879
3,8,9,19,3,3,12,9,9,8,11,1,0.0089
482,7,9,2,17,1,15,15,5,9,9,0,0.6997
417,9,9,9,0,17,16,15,18,17,9,0,0.0682
339,4,10,10,7,12,9,1,15,7,9,0,0.0207
586,17,11,0,2,15,17,17,19,19,3,0,3.7849
252,10,9,19,17,17,12,18,12,5,9,0,1.1958
542,15,7,9,5,11,16,16,7,7,20,0,1.3311
498,0,9,7,6,6,11,16,19,9,9,1,0.258
268,17,9,9,0,9,17,9,9,9,9,0,0.2444
235,7,7,11,0,9,12,4,7,7,9,0,1.5694
169,11,0,3,9,7,2,13,15,4,10,0,0.325
202,14,17,12,15,7,15,4,14,7,22,0,0.3221
434,15,9,10,3,6,18,0,9,5,9,0,1.9046
530,8,17,4,15,1,15,15,19,9,20,0,0.0818
708,19,12,15,13,0,3,15,2,10,2,0,0.5438
511,9,9,4,5,10,12,12,1,9,9,1,0.1952
487,17,10,2,15,7,2,17,8,7,9,0,1.0112
590,16,3,15,12,4,3,13,6,7,15,1,0.29
318,17,9,4,18,9,7,16,4,17,9,0,0.0991
74,7,16,4,14,7,12,17,15,14,0,0,0.2339
166,10,12,0,0,9,11,12,9,17,10,0,0.1893
433,9,9,14,17,6,16,3,6,17,9,0,3.8441
761,14,4,13,13,9,2,16,0,7,4,0,0.3225
253,10,10,11,12,9,7,19,15,9,9,0,0.0095
736,5,15,17,7,11,13,5,12,10,12,0,5.9408
561,9,7,11,19,19,7,15,5,4,3,0,0.2943
19,13,15,0,14,14,3,0,8,8,0,0,2.1768
192,7,19,0,5,16,16,14,4,4,22,0,0.0285
22,14,9,19,8,14,15,3,12,8,0,0,0.2626
563,9,13,0,9,9,9,13,6,17,3,0,2.1183
150,3,0,0,0,2,3,16,12,0,10,0,2.4857
355,7,10,0,12,0,11,4,4,17,9,0,0.0071
425,16,9,4,12,9,12,4,4,7,9,0,0.0097
48,11,15,7,10,19,4,16,3,8,0,0,0.1814
117,6,7,11,16,17,10,3,17,8,0,0,0.5516
75,8,0,9,3,10,5,0,17,8,0,0,0.8351
360,16,9,15,2,17,9,4,14,9,9,0,0.0624
585,17,10,5,14,15,19,0,12,19,3,0,0.0947
308,14,7,4,9,9,7,13,4,17,9,0,0.4396
495,15,9,7,6,19,16,0,13,7,9,0,0.2207
667,0,12,12,7,9,15,14,5,9,2,0,0.5682
251,9,13,0,9,9,9,13,6,17,9,0,1.6677
282,4,9,5,9,16,9,17,5,17,9,0,0.055
294,8,9,11,8,19,19,2,18,9,9,0,1.0201
371,4,9,9,0,9,19,2,15,17,9,0,0.0124
462,19,16,0,12,19,12,6,12,0,9,0,0.7588
79,8,13,15,0,3,5,15,14,8,0,0,2.1585
634,4,15,2,19,19,2,9,15,19,6,0,0.0037
58,0,13,17,9,13,9,17,0,8,0,0,0.4412
284,4,13,11,19,8,13,17,12,17,9,0,0.4232
336,17,9,19,5,17,16,9,15,9,9,0,0.1876
62,0,19,13,11,13,13,4,16,8,0,0,2.5578
725,2,16,0,15,15,15,9,0,4,12,0,0.0184
2,8,9,7,9,18,14,5,9,8,11,1,0.0492
754,4,3,4,1,3,2,2,9,18,21,0,0.4391
165,10,7,9,5,18,8,4,4,19,10,0,0.2992
199,10,19,5,0,6,9,12,15,7,22,0,0.0795
574,14,16,5,8,15,8,19,16,4,3,0,3.568
450,8,9,9,12,16,11,16,11,7,9,0,0.5047
99,15,9,1,14,10,16,5,10,8,0,0,0.9027
491,0,9,16,0,15,16,17,12,9,9,0,0.5894
690,14,12,18,15,19,12,15,13,0,2,0,0.2787
531,9,16,18,3,16,2,11,7,4,20,0,1.0841
661,9,17,3,13,0,9,14,4,19,6,0,0.4032
705,17,12,3,14,0,3,15,15,0,2,0,1.9238
188,5,12,3,3,9,5,9,12,10,10,1,0.2678
609,11,16,12,4,9,4,15,9,19,6,0,0.1144
653,19,16,4,9,7,4,15,2,19,6,0,0.1752
569,13,13,13,3,0,16,12,12,17,3,0,3.1166
480,0,9,0,9,0,13,8,5,17,9,0,2.8664
361,17,9,0,4,4,17,6,3,9,9,0,0.0701
25,14,17,9,15,12,17,7,7,8,0,0,0.0388
319,18,9,7,16,4,17,9,11,0,9,0,0.5963
652,19,15,15,3,3,11,9,7,4,6,0,0.4417
172,11,12,15,14,14,13,9,7,19,10,0,0.2721
301,9,9,15,7,2,9,4,19,17,9,0,0.0096
628,1,15,2,15,8,9,7,5,19,6,0,0.0096
24,14,17,0,14,8,9,19,14,19,0,0,1.2655
441,4,9,3,7,19,16,17,16,17,9,0,0.0916
528,8,16,4,13,11,13,3,8,7,20,0,0.2011
457,15,9,15,15,17,16,9,9,9,9,0,0.2743
536,14,15,4,11,9,16,0,5,15,20,0,5.0835
475,4,9,15,13,14,17,0,4,9,9,0,0.0746
384,17,9,2,3,2,4,15,0,9,9,0,0.2921
688,14,0,10,15,16,7,15,13,9,2,0,0.2039
139,15,17,16,11,3,4,1,9,8,0,1,0.0673
659,6,9,5,17,4,15,15,19,19,6,0,0.3636
743,10,17,7,15,19,17,17,19,19,12,0,0.0187
183,13,15,19,1,3,12,15,15,19,10,0,0.6149
56,0,4,7,14,14,5,7,9,8,0,0,1.7591
747,16,16,0,16,17,15,5,9,17,12,0,0.4674
332,13,9,4,3,2,0,19,9,9,9,0,0.0269
50,14,9,15,14,8,9,9,1,8,0,0,0.5337
512,13,13,4,0,17,5,15,19,17,9,1,1.4093
413,7,9,7,12,15,16,5,15,17,9,0,0.3847
116,0,7,0,11,14,7,8,4,8,0,0,0.1879
200,12,10,18,11,3,9,4,9,4,22,0,0.2818
630,1,16,2,16,19,10,9,3,9,6,0,0.083
273,0,9,0,16,3,4,0,3,7,9,0,0.3095
607,9,15,2,10,3,11,6,5,0,6,0,0.7591
646,15,15,19,7,0,15,4,16,19,6,0,0.2563
392,4,9,4,0,7,15,17,16,16,9,0,0.1909
521,6,9,9,8,7,8,3,16,7,20,0,0.5837
612,14,16,4,15,16,4,2,4,19,6,0,0.0908
524,8,7,7,9,13,0,17,11,4,20,0,0.1342
446,5,9,4,5,2,7,19,9,0,9,0,0.0294
234,7,7,9,2,17,12,3,7,17,9,0,1.0191
217,13,19,7,0,5,3,19,16,9,22,0,0.1814
81,8,17,4,10,0,9,9,14,14,0,0,0.2159
65,1,15,13,2,6,2,16,13,8,0,0,1.9777
331,5,9,10,8,2,7,17,3,0,9,0,0.1301
107,16,9,7,6,16,9,3,3,8,0,0,0.5259
432,8,10,16,4,9,4,12,11,9,9,0,0.4238
603,16,16,11,0,4,15,5,3,19,6,0,0.0292
33,17,9,8,0,8,12,2,4,8,0,0,1.1843
397,9,9,4,15,3,16,5,4,9,9,0,0.4059
342,8,9,4,3,13,4,15,8,9,9,0,0.1161
118,7,16,11,13,10,15,7,2,8,0,0,0.2982
63,1,0,4,0,6,5,12,9,19,0,0,1.5857
135,16,4,4,9,0,6,5,9,8,0,0,1.3876
738,5,16,4,15,17,9,0,19,19,12,0,0.0856
86,9,13,0,3,6,14,9,9,8,0,0,0.3329
691,14,17,14,13,2,5,13,4,9,2,0,0.2038
141,0,15,11,0,15,15,0,0,8,0,1,0.0688
547,19,0,9,6,7,16,8,16,9,20,0,2.4698
59,0,16,8,17,16,0,2,5,8,0,0,0.618
515,0,15,4,0,16,13,8,10,7,20,0,2.3876
5,0,15,6,12,7,9,3,2,8,0,0,0.576
476,4,13,12,15,4,15,6,9,17,9,0,0.359
610,12,15,2,16,14,13,10,9,4,6,0,0.2433
403,15,9,15,3,9,13,14,9,17,9,0,0.689
292,8,9,7,4,6,14,6,15,17,9,0,0.4479
663,15,1,2,15,9,1,5,5,19,6,0,0.3244
370,4,9,4,9,5,9,15,5,7,9,0,0.0297
529,8,16,15,13,17,19,9,7,9,20,0,0.098
158,6,15,9,6,9,15,4,1,4,10,0,0.554
430,5,17,18,0,9,12,2,12,7,9,0,1.269
614,19,9,0,15,9,15,9,5,19,6,0,0.0734
686,13,12,16,5,10,11,13,0,9,2,0,0.2008
493,8,9,9,10,15,13,0,11,17,9,0,0.2848
326,4,9,9,16,15,7,7,0,7,9,0,0.013
626,18,16,11,3,16,6,17,16,19,6,0,0.0304
222,17,19,10,12,15,17,4,16,9,22,0,0.007
35,17,16,19,19,1,6,18,5,19,0,0,0.8517
731,3,17,10,8,8,9,12,9,15,12,0,1.0991
513,0,9,12,4,7,7,15,7,4,20,0,1.6864
207,17,19,5,3,9,6,17,13,7,22,0,0.0585
474,4,9,13,4,14,5,11,3,17,9,0,0.6636
4,0,9,18,18,19,12,11,5,8,0,0,0.3391
78,8,10,9,10,8,13,9,15,8,0,0,0.3763
621,7,9,3,3,15,3,11,9,19,6,0,0.1201
627,19,7,19,17,1,4,1,9,19,6,0,0.7129
757,19,10,6,16,2,9,13,0,9,1,0,0.2782
582,16,13,0,15,11,15,16,13,9,3,0,1.5484
6,0,15,19,15,9,15,3,2,8,0,0,0.2157
695,15,12,0,8,8,0,0,12,0,2,0,0.0532
605,19,15,3,11,2,17,0,16,19,6,0,0.0195
137,15,17,7,15,13,9,10,8,8,0,0,0.0101
593,4,15,2,9,15,15,9,14,9,6,0,0.0894
211,0,4,9,4,17,18,3,12,4,22,0,0.1754
637,6,9,15,6,13,0,6,14,19,6,0,0.4416
144,1,9,17,5,9,5,9,16,19,10,0,1.1105
615,0,15,11,15,1,4,7,14,19,6,0,0.1718
764,4,13,2,2,2,13,16,14,9,18,0,0.238
108,16,9,15,19,12,19,5,15,8,0,0,0.4161
64,1,0,4,16,14,11,7,7,8,0,0,0.6583
32,16,16,2,9,15,9,19,11,8,0,0,0.1502
767,8,0,7,3,15,4,9,3,8,5,0,0.2001
745,15,9,4,7,11,16,15,15,19,12,0,0.445
389,0,9,7,2,9,15,15,5,9,9,0,0.2445
578,15,11,19,19,1,5,9,14,19,3,0,3.0779
466,8,7,11,9,15,9,4,0,9,9,0,1.7828
249,9,9,17,9,1,13,13,12,17,9,0,0.3982
126,9,17,0,11,4,15,13,7,8,0,0,0.1692
333,13,9,15,9,5,7,7,9,17,9,0,0.7006
27,15,7,9,2,11,13,9,17,14,0,0,0.952
347,17,10,9,8,19,9,4,15,9,9,0,0.0255
656,4,15,0,14,17,9,8,15,19,6,0,0.3308
543,15,9,7,16,0,11,3,13,4,20,0,1.191
401,9,9,10,12,15,9,3,11,9,9,0,0.1019
633,4,15,2,19,3,14,0,3,18,6,0,0.5848
87,9,13,11,0,15,4,17,9,19,0,0,1.5993
658,4,17,2,3,11,17,2,14,10,6,0,0.4266
540,14,19,7,13,16,7,11,12,9,20,0,0.5937
769,13,16,14,9,8,5,15,9,8,5,0,0.0547
254,11,9,13,2,4,19,10,6,9,9,0,0.4324
102,15,13,0,3,15,2,10,15,8,0,0,0.8173
77,8,9,9,2,14,3,9,8,8,0,0,0.5834
151,3,12,0,13,0,0,13,13,15,10,0,7.4083
317,17,9,4,13,16,6,16,11,17,9,0,0.6609
702,15,12,18,0,9,16,13,12,9,2,0,0.0123
549,0,15,5,0,4,5,16,17,19,3,0,0.6051
236,7,7,11,14,16,12,18,15,9,9,0,2.9157
629,1,15,11,4,9,9,9,0,19,6,0,0.0681
766,6,15,14,11,16,6,9,5,8,5,0,0.0083
635,4,16,5,16,7,15,17,10,19,6,0,0.0338
435,0,7,1,8,12,9,6,19,17,9,0,1.3295
714,9,9,11,3,17,13,0,15,8,7,0,1.9916
16,9,17,9,9,1,9,4,4,14,0,0,1.8907
728,3,15,4,15,18,9,3,3,10,12,0,0.0587
136,6,9,11,14,0,10,9,6,8,0,0,0.2663
395,7,9,15,16,9,12,19,16,7,9,0,0.1726
76,8,0,17,1,7,6,1,10,8,0,0,0.5096
270,17,16,10,15,18,8,3,14,17,9,0,5.5546
732,3,17,12,2,5,4,16,0,17,12,0,0.0815
454,15,9,0,12,9,15,12,14,17,9,0,0.0911
67,4,15,5,9,14,6,6,17,8,0,0,2.0877
125,9,15,19,11,15,6,19,15,14,0,0,0.3473
546,17,7,6,5,17,7,15,15,4,20,0,0.1728
189,16,12,16,17,12,15,15,15,4,10,1,0.164
358,11,9,19,14,17,19,4,12,17,9,0,0.0702
421,13,9,9,0,8,9,16,5,17,9,0,0.1993
313,15,9,4,14,9,17,12,11,17,9,0,0.0752
411,4,9,11,2,7,4,3,14,7,9,0,0.0249
373,4,10,15,4,13,15,19,9,9,9,0,0.0091
133,15,9,15,12,7,3,10,8,8,0,0,0.0935
51,15,15,4,5,9,6,9,4,8,0,0,0.0063
190,3,4,1,9,8,6,4,9,7,22,0,0.9632
256,14,9,13,0,9,5,12,3,0,9,0,2.9545
83,9,9,4,16,9,15,19,12,19,0,0,0.8769
28,15,9,9,0,10,11,6,5,8,0,0,0.2623
692,15,0,3,5,15,14,8,0,9,2,0,0.7036
302,9,9,16,16,7,19,4,4,9,9,0,0.095
711,3,17,13,0,15,8,6,16,8,7,0,0.5883
580,15,17,14,0,16,9,14,9,19,3,0,0.6199
82,8,19,1,12,17,7,12,9,8,0,0,2.7197
225,0,10,4,8,17,13,3,2,7,9,0,2.5167
349,0,9,4,9,7,4,4,4,17,9,0,0.4275
608,9,17,3,15,4,15,3,8,19,6,0,0.0937
346,17,9,15,2,11,17,17,10,17,9,0,0.0761
557,8,9,15,12,12,5,16,0,4,3,0,0.0909
110,17,7,3,4,9,0,12,9,8,0,0,0.346
316,16,9,9,15,9,15,9,13,17,9,0,0.1008
519,3,17,6,9,6,15,3,12,4,20,0,6.7268
379,9,9,17,9,18,0,4,1,17,9,0,0.9376
185,9,12,10,3,16,12,9,17,7,10,0,0.0912
703,16,12,16,0,14,15,15,12,9,2,0,0.0091
550,3,17,6,9,6,15,3,12,4,3,0,2.1329
527,8,16,0,15,4,5,7,7,9,20,0,0.1152
119,7,16,15,4,7,7,3,14,8,0,0,0.1602
687,14,0,3,2,9,14,17,0,9,2,0,0.4179
599,9,16,13,3,0,9,15,7,19,6,0,0.1176
551,4,7,4,11,9,7,11,19,19,3,0,0.5444
244,9,9,0,8,14,3,17,0,9,9,0,1.4306
262,15,9,16,2,12,16,9,7,0,9,0,5.1164
267,17,9,0,15,5,0,4,5,16,9,0,2.677
394,5,9,9,6,5,1,7,19,0,9,0,0.4535
448,6,9,4,1,17,4,19,5,9,9,0,0.1584
160,9,0,15,3,9,8,19,2,10,10,0,0.5885
281,4,9,4,6,16,4,9,12,7,9,0,0.0189
592,2,15,2,3,19,4,11,12,0,6,0,1.1215
591,1,15,0,19,9,5,9,6,19,6,0,0.037
10,1,7,15,11,0,19,7,16,14,0,0,1.1521
387,19,9,10,8,5,12,11,8,7,9,0,0.2794
677,8,0,6,3,0,0,14,0,9,2,0,0.467
636,5,16,4,4,17,9,0,19,19,6,0,0.4488
755,4,10,0,15,11,2,3,5,17,1,0,2.7505
458,15,9,15,16,15,9,15,15,17,9,0,0.2332
558,9,0,17,2,11,4,17,14,4,3,0,1.091
541,15,7,9,4,9,7,7,15,19,20,0,0.9039
288,7,9,5,11,0,9,12,9,17,9,0,0.0632
127,13,0,9,14,4,19,2,19,8,0,0,0.2144
497,8,17,1,1,1,13,7,9,9,9,1,2.9502
175,15,0,0,5,9,9,17,12,10,10,0,0.0618
369,4,9,4,7,17,7,13,9,17,9,0,0.1733
489,17,16,19,15,5,8,4,9,7,9,0,3.6008
383,15,9,9,10,11,7,3,17,17,9,0,0.4413
666,0,12,9,8,3,2,5,7,9,2,0,0.8176
484,15,9,2,9,16,16,15,12,17,9,0,0.516
412,7,9,0,4,17,0,0,0,17,9,0,0.1057
650,18,15,1,9,5,6,9,5,19,6,0,0.0941
452,10,9,4,9,14,4,1,19,7,9,0,0.1561
719,18,7,10,17,9,17,9,12,8,7,0,1.0572
321,19,7,17,3,11,2,9,19,7,9,0,0.2734
345,17,9,10,5,19,17,0,0,17,9,0,0.0066
184,19,13,19,15,5,19,14,5,19,10,0,0.9156
697,15,12,3,17,12,8,12,15,9,2,0,0.1538
275,0,10,5,17,0,9,18,5,17,9,0,0.0616
678,8,9,0,0,14,1,0,0,9,2,0,0.8937
478,5,15,9,2,17,9,10,0,17,9,0,0.554
26,14,19,2,9,4,17,19,12,8,0,0,1.1178
693,15,0,14,3,0,5,15,0,17,2,0,0.1343
148,2,0,7,16,5,3,0,15,19,10,0,0.055
456,15,9,9,15,9,9,19,0,9,9,0,0.0218
410,4,9,7,12,7,17,4,7,15,9,0,0.5624
36,19,9,11,1,7,7,11,10,8,0,0,0.7492
624,9,19,2,4,9,2,19,19,19,6,0,0.3426
300,9,9,9,15,3,6,18,0,9,9,0,0.079
422,14,9,4,4,3,11,12,12,0,9,0,0.4369
122,8,7,11,3,17,8,16,14,8,0,0,0.4628
467,9,9,2,15,9,12,10,2,17,9,0,0.2919
473,4,9,10,0,15,7,15,15,4,9,0,0.583
72,6,17,0,2,13,18,3,4,8,0,0,0.1442
73,7,7,8,4,17,11,2,16,8,0,0,0.7586
407,0,9,15,0,10,10,13,18,17,9,0,0.175
613,18,15,15,16,0,15,15,5,19,6,0,0.0371
153,3,12,17,16,0,16,5,15,5,10,0,6.138
295,8,9,19,0,9,11,3,11,7,9,0,0.4018
632,4,15,2,8,8,17,5,16,19,6,0,0.0115
694,15,12,0,6,9,16,12,13,17,2,0,0.2483
80,8,16,2,16,15,3,8,14,8,0,0,1.7813
623,9,16,12,11,9,13,5,4,19,6,0,0.1029
255,13,13,13,3,0,16,12,12,17,9,0,1.0681
279,4,7,12,0,12,0,19,19,0,9,0,0.8633
520,4,9,4,2,0,17,17,0,18,20,0,0.1832
544,15,16,4,11,9,2,6,0,9,20,0,0.2808
224,0,9,15,16,1,16,15,6,7,9,0,1.3285
278,4,7,7,15,14,3,16,9,17,9,0,0.5062
525,8,9,15,12,12,5,16,0,4,20,0,0.1445
408,0,9,15,16,7,18,19,3,9,9,0,0.2032
760,4,18,19,16,6,11,9,7,4,4,0,0.0749
772,16,14,15,15,5,15,6,4,17,13,0,0.1016
440,4,7,9,2,0,17,13,14,17,9,0,0.0618
393,4,9,11,3,7,12,9,4,17,9,0,0.0057
601,15,15,0,8,0,5,9,1,19,6,0,0.0703
662,11,16,9,3,13,16,17,12,19,6,0,0.2926
245,9,9,0,9,17,9,9,9,9,9,0,1.6557
744,12,17,10,19,13,5,11,16,19,12,0,1.5752
191,7,17,7,5,17,4,9,9,4,22,0,0.6653
447,5,9,11,3,16,7,0,8,9,9,0,0.4999
668,0,12,13,14,13,4,16,3,17,2,0,0.1573
101,15,9,12,15,8,11,16,12,8,0,0,0.9377
338,4,9,12,0,19,9,11,15,9,9,0,0.0645
386,19,9,9,13,8,16,10,12,17,9,0,0.0073
364,19,9,9,9,18,9,15,12,7,9,0,0.019
560,9,7,7,15,19,17,0,15,9,3,0,0.8631
104,15,15,15,14,13,9,2,9,8,0,0,0.2738
375,5,9,12,6,0,4,4,9,17,9,0,0.0984
640,9,16,2,16,15,9,16,0,9,6,0,0.4272
147,2,0,0,9,1,14,16,19,19,10,0,0.3776
311,14,9,13,0,15,9,4,14,9,9,0,0.2361
718,16,7,3,15,17,13,5,0,8,7,0,1.9074
306,11,9,9,14,7,9,19,8,9,9,0,0.2559
359,15,9,4,16,0,11,4,6,9,9,0,0.0355
297,9,9,7,19,1,13,0,5,17,9,0,0.1142
343,8,9,4,15,13,7,19,15,9,9,0,0.0099
156,4,5,17,15,0,0,7,2,19,10,0,0.3516
208,17,19,13,5,16,16,15,11,7,22,0,0.0847
665,0,0,14,5,6,14,18,12,1,2,0,1.3632
774,2,0,11,15,4,9,13,15,17,23,1,0.0562
180,19,18,7,8,12,3,2,12,4,10,0,1.4541
707,19,12,5,8,2,5,8,17,10,2,0,0.3536
566,9,13,13,12,3,0,15,17,9,3,0,0.8472
726,3,7,8,3,2,5,17,5,4,12,0,0.072
508,7,9,0,0,9,4,9,5,9,9,1,0.1467
93,13,15,13,9,8,5,16,4,8,0,0,0.5686
21,14,5,6,1,15,15,4,5,8,0,0,1.3791
671,5,12,14,3,0,9,15,6,9,2,0,0.0213
304,9,10,4,0,7,4,4,9,16,9,0,0.7872
146,1,15,7,13,11,2,17,12,4,10,0,0.1997
305,9,17,7,5,14,7,4,19,7,9,0,0.1255
643,13,16,13,15,17,17,4,9,19,6,0,0.0636
210,19,19,3,2,7,8,11,2,4,22,0,0.5763
723,9,9,14,17,6,16,3,6,17,16,0,0.1839
416,9,9,0,18,10,7,12,11,17,9,0,0.0186
167,10,12,0,0,17,9,8,12,15,10,0,0.2705
712,7,15,0,1,8,2,5,8,14,7,0,2.9
720,9,18,1,14,13,12,12,19,14,17,0,0.9992
159,6,17,15,12,5,0,15,8,10,10,0,0.9865
41,0,17,7,9,1,14,7,14,8,0,0,0.1173
161,9,0,17,4,15,12,4,10,10,10,0,0.2316
113,17,15,16,8,3,15,12,0,8,0,0,1.1619
380,10,9,18,5,15,9,16,13,9,9,0,0.0508
45,7,17,19,15,16,19,15,13,8,0,0,0.0702
40,0,16,0,0,16,13,14,12,8,0,0,0.0704
664,19,16,2,4,6,1,13,19,17,6,1,0.0176
111,17,13,7,0,18,6,7,19,14,0,0,0.504
248,9,9,15,12,9,5,0,3,7,9,0,0.6649
310,14,9,10,4,0,7,4,4,9,9,0,0.0103
131,15,7,19,15,7,17,8,7,8,0,0,0.1948
285,4,16,9,17,3,17,18,9,17,9,0,0.0862
682,9,12,0,9,17,0,3,0,18,2,0,1.7776
733,4,0,6,4,6,15,5,5,10,12,0,0.294
655,1,0,16,1,0,3,11,4,19,6,0,0.4498
522,7,7,11,0,9,12,4,7,7,20,0,0.1564
198,9,19,13,7,13,0,9,14,18,22,0,0.1853
571,14,9,9,1,0,2,12,5,4,3,0,0.8941
576,15,7,12,7,5,18,15,6,4,3,0,1.7891
567,10,10,11,12,9,7,19,15,9,3,0,0.2009
535,14,11,15,15,7,15,15,12,4,20,0,0.8983
145,1,12,11,5,5,15,15,18,10,10,0,0.1758
406,0,9,7,5,15,15,15,6,17,9,0,0.4954
532,10,10,11,12,9,7,19,15,9,20,0,0.0092
598,8,16,0,19,19,9,3,17,19,6,0,0.2139
391,0,17,18,3,19,13,8,12,17,9,0,0.377
348,18,10,0,3,4,9,7,0,17,9,0,0.009
716,15,15,15,4,15,6,14,3,8,7,0,1.9125
581,16,9,10,10,11,12,9,7,19,3,0,0.3626
506,11,9,11,1,1,15,17,12,17,9,1,0.3328
503,17,17,10,15,18,0,12,12,17,9,1,0.0519
611,13,16,7,14,4,7,5,19,19,6,0,0.2679
323,19,9,2,19,7,8,6,12,10,9,0,0.1432
173,11,12,17,16,0,17,4,8,19,10,0,0.0615
94,13,16,16,9,13,16,17,15,8,0,0,0.3883
328,4,9,11,15,1,4,4,1,7,9,0,0.0572
352,4,9,7,0,4,5,6,14,17,9,0,0.0104
367,4,7,17,3,0,9,16,9,9,9,0,0.1621
95,14,0,9,9,2,16,0,11,8,0,0,0.4791
106,16,0,9,12,4,1,5,12,14,0,0,1.9738
510,9,7,7,12,4,7,6,9,7,9,1,0.2268
366,0,9,19,5,4,17,12,17,9,9,0,0.0907
464,0,9,1,5,13,1,17,14,7,9,0,3.1858
205,15,19,17,15,19,8,10,9,9,22,0,0.1005
97,14,16,4,17,0,0,19,5,8,0,0,0.0152
266,16,17,13,2,9,13,17,3,17,9,0,2.7054
485,16,9,0,19,15,4,13,15,9,9,0,1.389
263,15,13,17,19,9,7,9,13,17,9,0,0.9489
351,4,9,4,15,5,17,11,14,9,9,0,0.023
231,5,9,2,9,15,16,4,12,7,9,0,0.3675
177,17,12,2,13,12,13,12,12,9,10,0,0.6868
353,4,9,13,12,6,10,7,5,0,9,0,0.0755
472,4,7,5,12,9,10,2,0,9,9,0,1.5621
100,15,9,5,19,6,1,8,19,8,0,0,1.4368
490,0,9,4,16,18,16,11,9,9,9,0,0.1574
84,9,9,15,2,2,9,9,9,8,0,0,0.7005
534,14,10,16,14,19,9,3,15,9,20,0,0.1056
518,3,15,5,11,9,16,4,15,9,20,0,6.738
325,0,9,9,19,4,15,3,10,17,9,0,0.1476
388,19,9,15,12,4,10,7,17,7,9,0,0.0543
679,8,12,14,12,15,3,17,12,3,2,0,1.0375
616,0,17,2,4,15,6,9,19,17,6,0,0.2867
227,0,17,9,9,0,9,17,9,9,9,0,4.3698
14,5,16,5,3,19,11,19,15,8,0,0,0.1325
138,5,16,15,0,12,14,8,8,8,0,1,1.0752
42,5,9,6,17,4,11,9,12,8,0,0,0.2543
250,9,10,10,11,12,9,7,19,15,9,0,0.5829
324,19,9,17,15,4,4,3,5,7,9,0,0.0647
194,8,19,0,9,18,18,19,12,11,22,0,0.9383
704,17,12,0,18,5,9,17,0,16,2,0,0.3925
625,11,16,14,14,8,4,4,7,19,6,0,1.0501
748,16,16,16,0,16,17,15,5,9,12,0,0.7675
756,7,15,19,9,10,7,0,9,10,1,0,0.4726
89,10,16,5,10,8,3,10,9,14,0,0,1.4261
18,11,15,0,2,11,17,12,9,8,0,0,0.4745
17,10,7,9,5,18,8,4,4,19,0,0,0.347
638,6,15,3,19,15,15,4,4,19,6,0,0.0081
477,5,10,12,12,1,9,9,0,9,9,0,0.983
461,19,9,2,3,9,7,14,11,16,9,0,0.8471
354,7,9,9,2,15,16,18,11,9,9,0,0.0097
618,4,16,9,16,17,16,15,9,19,6,0,0.025
770,14,16,5,8,0,0,5,9,9,5,0,2.2854
96,14,13,4,16,3,17,6,9,8,0,0,0.106
428,19,9,9,6,8,11,1,10,9,9,0,0.2104
312,15,7,15,0,4,9,19,4,9,9,0,0.15
186,18,0,16,15,15,15,14,17,18,10,0,0.7712
29,15,15,7,11,7,15,0,4,8,0,0,0.0076
573,14,15,10,13,2,5,3,12,18,3,0,3.2041
710,15,12,10,7,17,5,15,12,18,2,1,0.1189
52,15,16,16,15,13,5,12,14,8,0,0,0.3344
465,4,0,9,5,11,17,7,15,0,9,0,1.585
265,16,9,13,13,12,3,0,15,17,9,0,2.8092
453,14,10,9,2,8,11,12,3,17,9,0,0.0594
38,0,9,10,3,9,9,18,3,8,0,0,0.0392
696,15,12,2,15,12,13,9,12,18,2,0,1.7408
641,9,16,15,10,0,19,2,1,19,6,0,0.0182
307,13,9,10,13,9,7,3,12,0,9,0,0.3346
713,8,16,17,17,11,8,9,4,8,7,0,3.3983
195,8,19,0,14,7,9,0,16,8,22,0,2.4416
526,8,13,13,4,7,11,13,0,17,20,0,0.495
680,8,12,15,9,15,4,19,17,9,2,0,0.0516
90,12,0,13,15,15,17,16,4,8,0,0,1.8292
556,7,15,9,7,15,14,9,15,4,3,0,1.1185
162,9,12,17,0,0,0,4,7,3,10,0,0.939
98,14,17,5,19,9,16,13,0,8,0,0,0.2402
218,14,4,13,14,12,19,14,9,9,22,0,0.2366
238,7,9,7,9,19,9,9,15,7,9,0,0.6007
684,10,12,15,8,8,4,5,6,4,2,0,0.2084
414,7,9,9,16,1,3,12,16,17,9,0,0.1357
182,10,7,18,11,17,13,8,7,4,10,0,0.5452
492,4,9,9,9,17,0,0,10,7,9,0,0.7203
400,9,9,9,15,12,15,9,13,17,9,0,0.198
424,15,9,7,9,9,3,11,12,17,9,0,0.4218
233,5,17,7,15,15,4,17,6,17,9,0,0.6882
1,8,9,8,9,12,7,7,10,8,11,0,0.0471
752,19,16,10,3,3,4,10,3,9,12,0,0.0775
243,9,7,7,15,19,17,0,15,9,9,0,0.4197
514,0,10,4,8,17,13,3,2,7,20,0,0.7396
7,0,17,9,9,13,7,10,3,14,0,0,0.4687
579,15,15,4,17,6,17,3,13,19,3,0,0.7428
404,17,9,9,9,9,9,0,5,17,9,0,0.1841
730,3,17,9,17,3,19,12,4,4,12,0,0.5247
9,1,0,4,14,4,0,2,9,14,0,0,1.433
597,7,16,3,12,15,7,0,3,19,6,0,0.024
229,4,9,4,2,0,17,17,0,18,9,0,2.5541
260,15,9,3,3,8,2,6,19,7,9,0,1.1545
170,11,11,4,0,3,10,6,0,19,10,0,0.724
337,4,9,9,7,9,4,0,3,7,9,0,0.2808
209,19,19,1,6,18,5,19,3,17,22,0,0.1109
291,7,9,9,16,9,17,0,11,9,9,0,0.1852
37,19,17,15,19,8,10,9,9,14,0,0,1.0746
773,5,14,7,0,4,4,9,8,19,19,1,0.1028
226,0,17,2,11,4,17,14,4,17,9,0,1.4656
299,9,9,9,13,17,9,4,18,9,9,0,0.4734
152,3,12,9,3,14,15,8,13,10,10,0,1.8376
660,9,16,3,14,0,11,4,13,19,6,0,0.0125
554,5,13,0,13,16,5,13,12,0,3,0,2.0555
303,9,9,17,17,8,4,1,11,17,9,0,0.5482
420,9,17,4,5,1,17,4,18,9,9,0,0.5977
715,11,15,0,3,11,5,2,0,8,7,0,1.1499
463,19,16,15,3,6,0,0,15,17,9,0,0.5207
264,15,16,10,15,4,5,7,9,9,9,0,1.7628
197,8,19,5,2,15,17,1,6,7,22,0,0.2884
