,motif0,motif1,motif2,motif3,motif4,motif5,motif6,motif7,motif8,hla,Tcell_response,ba_rank
370,4,9,4,9,5,9,15,5,7,9,0,0.0297
412,7,9,0,4,17,0,0,0,17,9,0,0.1057
714,9,9,11,3,17,13,0,15,8,7,0,1.9916
526,8,13,13,4,7,11,13,0,17,20,0,0.495
144,1,9,17,5,9,5,9,16,19,10,0,1.1105
561,9,7,11,19,19,7,15,5,4,3,0,0.2943
0,9,12,7,13,19,3,12,17,9,14,0,0.0081
279,4,7,12,0,12,0,19,19,0,9,0,0.8633
606,5,15,19,17,14,16,9,17,19,6,0,0.3217
409,1,9,9,10,9,9,7,12,9,9,0,1.3923
251,9,13,0,9,9,9,13,6,17,9,0,1.6677
774,2,0,11,15,4,9,13,15,17,23,1,0.0562
168,11,0,0,12,17,2,9,16,9,10,0,0.2538
404,17,9,9,9,9,9,0,5,17,9,0,0.1841
472,4,7,5,12,9,10,2,0,9,9,0,1.5621
352,4,9,7,0,4,5,6,14,17,9,0,0.0104
678,8,9,0,0,14,1,0,0,9,2,0,0.8937
141,0,15,11,0,15,15,0,0,8,0,1,0.0688
543,15,9,7,16,0,11,3,13,4,20,0,1.191
447,5,9,11,3,16,7,0,8,9,9,0,0.4999
348,18,10,0,3,4,9,7,0,17,9,0,0.009
589,16,3,10,3,4,15,16,15,9,15,0,0.0432
601,15,15,0,8,0,5,9,1,19,6,0,0.0703
390,0,9,10,10,15,9,15,0,9,9,0,0.2144
536,14,15,4,11,9,16,0,5,15,20,0,5.0835
178,18,12,15,9,2,15,5,12,9,10,0,0.089
673,6,12,15,0,13,7,15,12,16,2,0,0.5384
657,4,16,11,4,18,5,9,9,7,6,0,0.2866
482,7,9,2,17,1,15,15,5,9,9,0,0.6997
124,8,16,9,8,7,11,3,17,8,0,0,0.3862
190,3,4,1,9,8,6,4,9,7,22,0,0.9632
479,9,10,0,15,7,15,15,4,9,9,0,0.0638
762,19,16,0,13,7,7,9,0,9,4,0,0.8142
65,1,15,13,2,6,2,16,13,8,0,0,1.9777
212,0,19,9,0,4,9,4,17,18,22,0,0.1457
731,3,17,10,8,8,9,12,9,15,12,0,1.0991
483,8,17,2,7,4,4,9,5,9,9,0,2.5932
153,3,12,17,16,0,16,5,15,5,10,0,6.138
603,16,16,11,0,4,15,5,3,19,6,0,0.0292
504,7,9,11,0,10,7,0,8,7,9,1,0.5741
745,15,9,4,7,11,16,15,15,19,12,0,0.445
605,19,15,3,11,2,17,0,16,19,6,0,0.0195
77,8,9,9,2,14,3,9,8,8,0,0,0.5834
217,13,19,7,0,5,3,19,16,9,22,0,0.1814
495,15,9,7,6,19,16,0,13,7,9,0,0.2207
268,17,9,9,0,9,17,9,9,9,9,0,0.2444
446,5,9,4,5,2,7,19,9,0,9,0,0.0294
484,15,9,2,9,16,16,15,12,17,9,0,0.516
397,9,9,4,15,3,16,5,4,9,9,0,0.4059
586,17,11,0,2,15,17,17,19,19,3,0,3.7849
97,14,16,4,17,0,0,19,5,8,0,0,0.0152
568,11,17,11,0,2,15,17,17,19,3,0,1.4734
42,5,9,6,17,4,11,9,12,8,0,0,0.2543
9,1,0,4,14,4,0,2,9,14,0,0,1.433
130,14,17,14,2,4,7,13,10,8,0,0,0.2473
18,11,15,0,2,11,17,12,9,8,0,0,0.4745
437,0,9,17,5,0,7,15,15,7,9,0,0.5371
354,7,9,9,2,15,16,18,11,9,9,0,0.0097
102,15,13,0,3,15,2,10,15,8,0,0,0.8173
716,15,15,15,4,15,6,14,3,8,7,0,1.9125
640,9,16,2,16,15,9,16,0,9,6,0,0.4272
54,17,17,11,15,18,4,18,15,14,0,0,0.3147
760,4,18,19,16,6,11,9,7,4,4,0,0.0749
196,8,19,2,17,18,15,9,5,7,22,0,0.3677
400,9,9,9,15,12,15,9,13,17,9,0,0.198
387,19,9,10,8,5,12,11,8,7,9,0,0.2794
371,4,9,9,0,9,19,2,15,17,9,0,0.0124
600,9,17,0,0,3,12,19,9,19,6,0,0.1619
532,10,10,11,12,9,7,19,15,9,20,0,0.0092
556,7,15,9,7,15,14,9,15,4,3,0,1.1185
151,3,12,0,13,0,0,13,13,15,10,0,7.4083
379,9,9,17,9,18,0,4,1,17,9,0,0.9376
591,1,15,0,19,9,5,9,6,19,6,0,0.037
582,16,13,0,15,11,15,16,13,9,3,0,1.5484
240,8,13,13,4,7,11,13,0,17,9,0,2.5619
727,3,12,17,16,15,1,3,0,19,12,0,2.1651
565,9,13,8,5,14,15,4,11,9,3,0,1.4547
261,15,9,9,0,9,0,15,9,17,9,0,0.2325
364,19,9,9,9,18,9,15,12,7,9,0,0.019
310,14,9,10,4,0,7,4,4,9,9,0,0.0103
33,17,9,8,0,8,12,2,4,8,0,0,1.1843
249,9,9,17,9,1,13,13,12,17,9,0,0.3982
464,0,9,1,5,13,1,17,14,7,9,0,3.1858
355,7,10,0,12,0,11,4,4,17,9,0,0.0071
583,16,13,8,11,9,8,3,9,4,3,0,0.8607
343,8,9,4,15,13,7,19,15,9,9,0,0.0099
392,4,9,4,0,7,15,17,16,16,9,0,0.1909
49,14,7,15,8,7,7,3,0,8,0,0,0.2376
192,7,19,0,5,16,16,14,4,4,22,0,0.0285
56,0,4,7,14,14,5,7,9,8,0,0,1.7591
93,13,15,13,9,8,5,16,4,8,0,0,0.5686
677,8,0,6,3,0,0,14,0,9,2,0,0.467
135,16,4,4,9,0,6,5,9,8,0,0,1.3876
534,14,10,16,14,19,9,3,15,9,20,0,0.1056
361,17,9,0,4,4,17,6,3,9,9,0,0.0701
282,4,9,5,9,16,9,17,5,17,9,0,0.055
425,16,9,4,12,9,12,4,4,7,9,0,0.0097
85,9,10,2,15,11,10,6,17,8,0,0,0.5951
490,0,9,4,16,18,16,11,9,9,9,0,0.1574
496,0,9,13,15,14,9,13,0,9,9,1,1.3854
506,11,9,11,1,1,15,17,12,17,9,1,0.3328
154,3,17,14,9,9,5,7,12,4,10,0,1.8074
461,19,9,2,3,9,7,14,11,16,9,0,0.8471
644,15,7,15,15,3,13,16,4,19,6,0,0.3447
287,5,9,17,3,0,9,6,3,17,9,0,0.0092
529,8,16,15,13,17,19,9,7,9,20,0,0.098
13,5,15,16,9,9,0,15,4,8,0,0,0.0754
110,17,7,3,4,9,0,12,9,8,0,0,0.346
294,8,9,11,8,19,19,2,18,9,9,0,1.0201
502,16,9,18,1,15,12,7,8,17,9,1,0.0857
540,14,19,7,13,16,7,11,12,9,20,0,0.5937
71,5,17,12,5,13,16,5,9,8,0,0,1.5203
224,0,9,15,16,1,16,15,6,7,9,0,1.3285
492,4,9,9,9,17,0,0,10,7,9,0,0.7203
197,8,19,5,2,15,17,1,6,7,22,0,0.2884
705,17,12,3,14,0,3,15,15,0,2,0,1.9238
698,15,12,5,15,9,12,13,12,7,2,0,0.2326
634,4,15,2,19,19,2,9,15,19,6,0,0.0037
47,9,17,15,2,7,9,15,1,8,0,0,0.1744
638,6,15,3,19,15,15,4,4,19,6,0,0.0081
488,17,10,8,4,8,11,12,9,17,9,0,4.9646
337,4,9,9,7,9,4,0,3,7,9,0,0.2808
459,15,17,17,2,17,4,4,13,9,9,0,0.4409
381,14,10,4,15,16,12,12,15,9,9,0,0.293
292,8,9,7,4,6,14,6,15,17,9,0,0.4479
656,4,15,0,14,17,9,8,15,19,6,0,0.3308
384,17,9,2,3,2,4,15,0,9,9,0,0.2921
448,6,9,4,1,17,4,19,5,9,9,0,0.1584
428,19,9,9,6,8,11,1,10,9,9,0,0.2104
452,10,9,4,9,14,4,1,19,7,9,0,0.1561
702,15,12,18,0,9,16,13,12,9,2,0,0.0123
388,19,9,15,12,4,10,7,17,7,9,0,0.0543
665,0,0,14,5,6,14,18,12,1,2,0,1.3632
718,16,7,3,15,17,13,5,0,8,7,0,1.9074
88,9,15,3,15,10,17,3,19,8,0,0,0.712
577,15,9,7,16,0,11,3,13,4,3,0,0.3783
43,5,17,5,12,5,14,7,15,8,0,0,0.2983
632,4,15,2,8,8,17,5,16,19,6,0,0.0115
539,14,16,11,7,4,13,7,13,9,20,0,0.058
235,7,7,11,0,9,12,4,7,7,9,0,1.5694
362,17,9,2,14,3,4,12,4,17,9,0,0.1559
743,10,17,7,15,19,17,17,19,19,12,0,0.0187
737,5,16,0,2,16,8,17,6,4,12,0,3.0142
512,13,13,4,0,17,5,15,19,17,9,1,1.4093
555,6,15,14,8,15,16,10,15,4,3,0,0.2578
374,4,10,15,15,6,10,8,15,17,9,0,0.1351
690,14,12,18,15,19,12,15,13,0,2,0,0.2787
646,15,15,19,7,0,15,4,16,19,6,0,0.2563
19,13,15,0,14,14,3,0,8,8,0,0,2.1768
314,15,9,15,7,5,15,0,3,17,9,0,0.6777
676,7,17,0,12,8,9,14,12,17,2,0,2.1581
160,9,0,15,3,9,8,19,2,10,10,0,0.5885
52,15,16,16,15,13,5,12,14,8,0,0,0.3344
220,15,19,5,11,7,7,18,16,9,22,0,0.0138
441,4,9,3,7,19,16,17,16,17,9,0,0.0916
